<?xml version="1.0" encoding="utf-8" ?>
<SystemConfig>
	<Config attribute="LogDir" value="c:\masterlog\"></Config>
	<Config attribute="LogFileName" value="master.log"></Config>
	<Config attribute="LogEnabled" value="true"></Config>
	<Config attribute="ListenPort" value="9999"></Config>
	<Config attribute="DBConnectionString" value="bxAnGOkLUh8K1or7ZK3d5oOty/BhwcIVtnXpRecwSPq5tx+ay2++Rwu1BcwgrIABia5eW/2jkAv+aqx2R2zjUnNUmt6Tnb/GXnW8OGgigV9p378hn3GB6C+UVIEtqRRov/htGupZEq8Uw1Cb2S9f5JM1jGwxeqz/" />
	<Config attribute="DefaultEncoding" value="gb2312"></Config>
	<Config attribute="DefaultNewLine" value="\r\n"></Config>
	<Config attribute="ServerUpdateDir" value="c:\master\svrupdate"></Config>
	<Config attribute="ClientUpdateDir" value="c:\master\cltupdate"></Config>
	<Config attribute="DataBackupDir" value="c:\master\databak"></Config>
	<Config attribute="SevenZipAppPath" value="c:\master\7zip\7z.exe"></Config>
	<Config attribute="GMAgentUrl" value=""></Config>
</SystemConfig>
