﻿<?xml version="1.0" encoding="utf-8"?>
<ArrayOfSGMCommandTemplate xmlns:xsi="http://www.w3.org/2001/XMLSchema-instance" xmlns:xsd="http://www.w3.org/2001/XMLSchema">
	<SGMCommandTemplate>
		<Name>传送[布鲁斯镇]</Name>
		<ScriptTemplate>GM:PlayerTrapTo('%RoleName%',3,3)</ScriptTemplate>
		<PriObjPath>masterweb/gm/commonop</PriObjPath>
		<ExecType>0</ExecType>
	</SGMCommandTemplate>
	<SGMCommandTemplate>
		<Name>传送[福克镇]</Name>
		<ScriptTemplate>GM:PlayerTrapTo('%RoleName%',7,36)</ScriptTemplate>
		<PriObjPath>masterweb/gm/commonop</PriObjPath>
		<ExecType>0</ExecType>
	</SGMCommandTemplate>
	<SGMCommandTemplate>
		<Name>传送[洛亚王城]</Name>
		<ScriptTemplate>GM:PlayerTrapTo('%RoleName%',30,23)</ScriptTemplate>
		<PriObjPath>masterweb/gm/commonop</PriObjPath>
		<ExecType>0</ExecType>
	</SGMCommandTemplate>
	<SGMCommandTemplate>
		<Name>补偿普通传说本次数</Name>
		<ScriptTemplate>CPlayerMgr:PlayerExc("%RoleName%","Me:GetInstanceChoicer():DirChgEnterTimes(225,2,0)")</ScriptTemplate>
		<PriObjPath>masterweb/gm/advanceop</PriObjPath>
		<ExecType>0</ExecType>
	</SGMCommandTemplate>
	<SGMCommandTemplate>
		<Name>补偿英雄传说本次数</Name>
		<ScriptTemplate>CPlayerMgr:PlayerExc("%RoleName%","Me:GetInstanceChoicer():DirChgEnterTimes(330,2,0)")</ScriptTemplate>
		<PriObjPath>masterweb/gm/advanceop</PriObjPath>
		<ExecType>0</ExecType>
	</SGMCommandTemplate>
	<SGMCommandTemplate>
		<Name>补偿成就</Name>
		<ScriptTemplate>CPlayerMgr:PlayerExc("%RoleName%","Me:GetAchievement():GainAchievement({0})")</ScriptTemplate>
		<PriObjPath>masterweb/gm/advanceop</PriObjPath>
		<ExecType>0</ExecType>
		<Params>
			<Name>成就ID</Name>
			<Desc></Desc>
			<DefaultValue>0</DefaultValue>
		</Params>
	</SGMCommandTemplate>
	<SGMCommandTemplate>
		<Name>补偿称号</Name>
		<ScriptTemplate>CPlayerMgr:PlayerExc("%RoleName%","Me:GetTitle():AddTitle({0})")</ScriptTemplate>
		<PriObjPath>masterweb/gm/advanceop</PriObjPath>
		<ExecType>0</ExecType>
		<Params>
			<Name>称号ID</Name>
			<Desc></Desc>
			<DefaultValue>0</DefaultValue>
		</Params>
	</SGMCommandTemplate>
	<SGMCommandTemplate>
		<Name>接受任务</Name>
		<ScriptTemplate>CPlayerMgr:PlayerExc("%RoleName%","TaskEnv:AcptRcv(Me,{0})")</ScriptTemplate>
		<PriObjPath>masterweb/gm/commonop</PriObjPath>
		<ExecType>0</ExecType>
		<Params>
			<Name>任务ID</Name>
			<Desc></Desc>
			<DefaultValue>0</DefaultValue>
		</Params>
	</SGMCommandTemplate>
	<SGMCommandTemplate>
		<Name>完成任务</Name>
		<ScriptTemplate>CPlayerMgr:PlayerExc("%RoleName%","Me:GetTask():ChgTaskDoneCnt({0},{1})")</ScriptTemplate>
		<PriObjPath>masterweb/gm/commonop</PriObjPath>
		<ExecType>0</ExecType>
		<Params>
			<Name>任务ID</Name>
			<Desc></Desc>
			<DefaultValue>0</DefaultValue>
		</Params>
		<Params>
			<Name>计数</Name>
			<Desc></Desc>
			<DefaultValue>1</DefaultValue>
		</Params>
	</SGMCommandTemplate>
	<SGMCommandTemplate>
		<Name>放弃任务</Name>
		<ScriptTemplate>CPlayerMgr:PlayerExc("%RoleName%","Me:GetTask():DelProcTask({0})")</ScriptTemplate>
		<PriObjPath>masterweb/gm/commonop</PriObjPath>
		<ExecType>0</ExecType>
		<Params>
			<Name>任务ID</Name>
			<Desc></Desc>
			<DefaultValue>0</DefaultValue>
		</Params>
	</SGMCommandTemplate>
	<SGMCommandTemplate>
		<Name>物品/金币补偿[系统邮件]</Name>
		<ScriptTemplate>GM:SendMailToPlayer('%RoleName%','{0}','{1}',0,{2},0, {3}, {4}, {5},-1,-1)</ScriptTemplate>
		<PriObjPath>masterweb/gm/advanceop</PriObjPath>
		<ExecType>1</ExecType>
		<Params>
			<Name>邮件标题</Name>
			<Desc>不能为空且不要出现单引号和双引号，最好不要超过10个字。</Desc>
			<DefaultValue>物品补偿</DefaultValue>
		</Params>
		<Params>
			<Name>邮件内容</Name>
			<Desc>不能为空且不要出现单引号和双引号。</Desc>
			<DefaultValue>rt</DefaultValue>
		</Params>
		<Params>
			<Name>金币</Name>
			<Desc></Desc>
			<DefaultValue>0</DefaultValue>
		</Params>
		<Params>
			<Name>物品ID</Name>
			<Desc>不能为空，并注意ID的格式。</Desc>
			<DefaultValue>0,0,0,0</DefaultValue>
		</Params>
		<Params>
			<Name>物品数量</Name>
			<Desc>每封邮件最多发6组物品，注意物品每组的最大叠加数。</Desc>
			<DefaultValue>1</DefaultValue>
		</Params>
		<Params>
			<Name>是否绑定</Name>
			<Desc>1为绑定，0为非绑定。</Desc>
			<DefaultValue>1</DefaultValue>
		</Params>
	</SGMCommandTemplate>
	<SGMCommandTemplate>
		<Name>补偿经验</Name>
		<ScriptTemplate>CPlayerMgr:PlayerExc("%RoleName%","Me:TaskAddExp({0})")</ScriptTemplate>
		<PriObjPath>masterweb/gm/advanceop</PriObjPath>
		<ExecType>0</ExecType>
		<Params>
			<Name>经验</Name>
			<Desc></Desc>
			<DefaultValue>0</DefaultValue>
		</Params>
	</SGMCommandTemplate>
	<!--<SGMCommandTemplate>
		<Name>设置VIP等级[需要角色在线]</Name>
		<ScriptTemplate>GM:ChgPlayerVipLevel('%RoleName%',{0})</ScriptTemplate>
		<PriObjPath>masterweb/gm/advanceop</PriObjPath>
		<Params>
			<Name>VIP等级</Name>
			<Desc>设置为0时，恢复正常的VIP等级（使用充值总额判断）。</Desc>
			<DefaultValue>0</DefaultValue>
		</Params>
		<ExecType>1</ExecType>
	</SGMCommandTemplate>-->
	<SGMCommandTemplate>
		<Name>设置VIP等级</Name>
		<ScriptTemplate>UPDATE `account` SET `TotalCharge`={0} WHERE `AccName` IN ( SELECT `AccountName` FROM `rolesfirst` WHERE `RoleName`='%RoleName%' );</ScriptTemplate>
		<PriObjPath>masterweb/gm/advanceop</PriObjPath>
		<Params>
			<Name>充值总额（钻石）</Name>
			<Desc>V1~V8 200/2000/5000/20000/60000/100000/140000/200000</Desc>
			<DefaultValue>0</DefaultValue>
		</Params>
		<ExecType>2</ExecType>
	</SGMCommandTemplate>
	<SGMCommandTemplate>
		<Name>删除物品</Name>
		<ScriptTemplate>CPlayerMgr:PlayerExc("%RoleName%","Me:GetItemList():RmvInAllStorageBoxByUUID( '{0}' )")</ScriptTemplate>
		<PriObjPath>masterweb/gm/advanceop</PriObjPath>
		<ExecType>0</ExecType>
		<Params>
			<Name>物品GUID</Name>
			<Desc></Desc>
			<DefaultValue></DefaultValue>
		</Params>
	</SGMCommandTemplate>
	<SGMCommandTemplate>
		<Name>强制存盘</Name>
		<ScriptTemplate>GM:ForceSaveAll('%RoleName%')</ScriptTemplate>
		<PriObjPath>masterweb/gm/commonop</PriObjPath>
		<ExecType>1</ExecType>
	</SGMCommandTemplate>
	<SGMCommandTemplate>
		<Name>通用离线GM脚本</Name>
		<ScriptTemplate>{0}</ScriptTemplate>
		<PriObjPath>masterweb/operation/script</PriObjPath>
		<ExecType>0</ExecType>
		<Params>
			<Name>脚本</Name>
			<Desc />
		</Params>
	</SGMCommandTemplate>
</ArrayOfSGMCommandTemplate>
